{
    "documents": [
        {
            "item_id": "WW05dmRITjBjbUZ3",
            "folder_id": "py-youwol-folder-packages",
            "name": "bootstrap",
            "type": "package",
            "metadata": "{\"assetId\": \"WW05dmRITjBjbUZ3\", \"relatedId\": \"Ym9vdHN0cmFw\", \"borrowed\": true}",
            "owner": "/youwol-users",
            "drive_id": "py-youwol-drive-youwol-users",
            "group_id": "L3lvdXdvbC11c2Vycw==",
            "related_id": "WW05dmRITjBjbUZ3"
        },
        {
            "item_id": "WkRNPQ==",
            "folder_id": "py-youwol-folder-packages",
            "name": "d3",
            "type": "package",
            "metadata": "{\"assetId\": \"WkRNPQ==\", \"relatedId\": \"ZDM=\", \"borrowed\": true}",
            "owner": "/youwol-users",
            "drive_id": "py-youwol-drive-youwol-users",
            "group_id": "L3lvdXdvbC11c2Vycw==",
            "related_id": "WkRNPQ=="
        },
        {
            "item_id": "Wm05dWRHRjNaWE52YldVPQ==",
            "folder_id": "py-youwol-folder-packages",
            "name": "fontawesome",
            "type": "package",
            "metadata": "{\"assetId\": \"Wm05dWRHRjNaWE52YldVPQ==\", \"relatedId\": \"Zm9udGF3ZXNvbWU=\", \"borrowed\": true}",
            "owner": "/youwol-users",
            "drive_id": "py-youwol-drive-youwol-users",
            "group_id": "L3lvdXdvbC11c2Vycw==",
            "related_id": "Wm05dWRHRjNaWE52YldVPQ=="
        },
        {
            "item_id": "WjNKaGNHVno=",
            "folder_id": "py-youwol-folder-packages",
            "name": "grapes",
            "type": "package",
            "metadata": "{\"assetId\": \"WjNKaGNHVno=\", \"relatedId\": \"Z3JhcGVz\", \"borrowed\": true}",
            "owner": "/youwol-users",
            "drive_id": "py-youwol-drive-youwol-users",
            "group_id": "L3lvdXdvbC11c2Vycw==",
            "related_id": "WjNKaGNHVno="
        },
        {
            "item_id": "YW5GMVpYSjU=",
            "folder_id": "py-youwol-folder-packages",
            "name": "jquery",
            "type": "package",
            "metadata": "{\"assetId\": \"YW5GMVpYSjU=\", \"relatedId\": \"anF1ZXJ5\", \"borrowed\": true}",
            "owner": "/youwol-users",
            "drive_id": "py-youwol-drive-youwol-users",
            "group_id": "L3lvdXdvbC11c2Vycw==",
            "related_id": "YW5GMVpYSjU="
        },
        {
            "item_id": "Ykc5a1lYTm8=",
            "folder_id": "py-youwol-folder-packages",
            "name": "lodash",
            "type": "package",
            "metadata": "{\"assetId\": \"Ykc5a1lYTm8=\", \"relatedId\": \"bG9kYXNo\", \"borrowed\": true}",
            "owner": "/youwol-users",
            "drive_id": "py-youwol-drive-youwol-users",
            "group_id": "L3lvdXdvbC11c2Vycw==",
            "related_id": "Ykc5a1lYTm8="
        },
        {
            "item_id": "Y0c5d2NHVnlMbXB6",
            "folder_id": "py-youwol-folder-packages",
            "name": "popper.js",
            "type": "package",
            "metadata": "{\"assetId\": \"Y0c5d2NHVnlMbXB6\", \"relatedId\": \"cG9wcGVyLmpz\", \"borrowed\": true}",
            "owner": "/youwol-users",
            "drive_id": "py-youwol-drive-youwol-users",
            "group_id": "L3lvdXdvbC11c2Vycw==",
            "related_id": "Y0c5d2NHVnlMbXB6"
        },
        {
            "item_id": "Y21WbWJHVmpkQzF0WlhSaFpHRjBZUT09",
            "folder_id": "py-youwol-folder-packages",
            "name": "reflect-metadata",
            "type": "package",
            "metadata": "{\"assetId\": \"Y21WbWJHVmpkQzF0WlhSaFpHRjBZUT09\", \"relatedId\": \"cmVmbGVjdC1tZXRhZGF0YQ==\", \"borrowed\": true}",
            "owner": "/youwol-users",
            "drive_id": "py-youwol-drive-youwol-users",
            "group_id": "L3lvdXdvbC11c2Vycw==",
            "related_id": "Y21WbWJHVmpkQzF0WlhSaFpHRjBZUT09"
        },
        {
            "item_id": "Y25ocWN3PT0=",
            "folder_id": "py-youwol-folder-packages",
            "name": "rxjs",
            "type": "package",
            "metadata": "{\"assetId\": \"Y25ocWN3PT0=\", \"relatedId\": \"cnhqcw==\", \"borrowed\": true}",
            "owner": "/youwol-users",
            "drive_id": "py-youwol-drive-youwol-users",
            "group_id": "L3lvdXdvbC11c2Vycw==",
            "related_id": "Y25ocWN3PT0="
        },
        {
            "item_id": "ZEhOc2FXST0=",
            "folder_id": "py-youwol-folder-packages",
            "name": "tslib",
            "type": "package",
            "metadata": "{\"assetId\": \"ZEhOc2FXST0=\", \"relatedId\": \"dHNsaWI=\", \"borrowed\": true}",
            "owner": "/youwol-users",
            "drive_id": "py-youwol-drive-youwol-users",
            "group_id": "L3lvdXdvbC11c2Vycw==",
            "related_id": "ZEhOc2FXST0="
        },
        {
            "item_id": "WTI5a1pXMXBjbkp2Y2c9PQ==",
            "folder_id": "py-youwol-folder-packages",
            "name": "codemirror",
            "type": "package",
            "metadata": "{\"assetId\": \"WTI5a1pXMXBjbkp2Y2c9PQ==\", \"relatedId\": \"Y29kZW1pcnJvcg==\", \"borrowed\": true}",
            "owner": "/youwol-users",
            "drive_id": "py-youwol-drive-youwol-users",
            "group_id": "L3lvdXdvbC11c2Vycw==",
            "related_id": "WTI5a1pXMXBjbkp2Y2c9PQ=="
        },
        {
            "item_id": "UUhsdmRYZHZiQzlqWkc0dFkyeHBaVzUw",
            "folder_id": "py-youwol-folder-packages",
            "name": "@youwol/cdn-client",
            "type": "package",
            "metadata": "{\"assetId\": \"UUhsdmRYZHZiQzlqWkc0dFkyeHBaVzUw\", \"relatedId\": \"QHlvdXdvbC9jZG4tY2xpZW50\", \"borrowed\": true}",
            "owner": "/youwol-users",
            "drive_id": "py-youwol-drive-youwol-users",
            "group_id": "L3lvdXdvbC11c2Vycw==",
            "related_id": "UUhsdmRYZHZiQzlqWkc0dFkyeHBaVzUw"
        },
        {
            "item_id": "UUhsdmRYZHZiQzltYkhWNExYTjJaeTF3Ykc5MGN3PT0=",
            "folder_id": "py-youwol-folder-packages",
            "name": "@youwol/flux-svg-plots",
            "type": "package",
            "metadata": "{\"assetId\": \"UUhsdmRYZHZiQzltYkhWNExYTjJaeTF3Ykc5MGN3PT0=\", \"relatedId\": \"QHlvdXdvbC9mbHV4LXN2Zy1wbG90cw==\", \"borrowed\": true}",
            "owner": "/youwol-users",
            "drive_id": "py-youwol-drive-youwol-users",
            "group_id": "L3lvdXdvbC11c2Vycw==",
            "related_id": "UUhsdmRYZHZiQzltYkhWNExYTjJaeTF3Ykc5MGN3PT0="
        },
        {
            "item_id": "UUhsdmRYZHZiQzltYkhWNExXTnZjbVU9",
            "folder_id": "py-youwol-folder-packages",
            "name": "@youwol/flux-core",
            "type": "package",
            "metadata": "{\"assetId\": \"UUhsdmRYZHZiQzltYkhWNExXTnZjbVU9\", \"relatedId\": \"QHlvdXdvbC9mbHV4LWNvcmU=\", \"borrowed\": true}",
            "owner": "/youwol-users",
            "drive_id": "py-youwol-drive-youwol-users",
            "group_id": "L3lvdXdvbC11c2Vycw==",
            "related_id": "UUhsdmRYZHZiQzltYkhWNExXTnZjbVU9"
        },
        {
            "item_id": "UUhsdmRYZHZiQzltYkhWNExYWnBaWGM9",
            "folder_id": "py-youwol-folder-packages",
            "name": "@youwol/flux-view",
            "type": "package",
            "metadata": "{\"assetId\": \"UUhsdmRYZHZiQzltYkhWNExYWnBaWGM9\", \"relatedId\": \"QHlvdXdvbC9mbHV4LXZpZXc=\", \"borrowed\": true}",
            "owner": "/youwol-users",
            "drive_id": "py-youwol-drive-youwol-users",
            "group_id": "L3lvdXdvbC11c2Vycw==",
            "related_id": "UUhsdmRYZHZiQzltYkhWNExYWnBaWGM9"
        },
        {
            "item_id": "UUhsdmRYZHZiQzltZGkxaWRYUjBiMjQ9",
            "folder_id": "py-youwol-folder-packages",
            "name": "@youwol/fv-button",
            "type": "package",
            "metadata": "{\"assetId\": \"UUhsdmRYZHZiQzltZGkxaWRYUjBiMjQ9\", \"relatedId\": \"QHlvdXdvbC9mdi1idXR0b24=\", \"borrowed\": true}",
            "owner": "/youwol-users",
            "drive_id": "py-youwol-drive-youwol-users",
            "group_id": "L3lvdXdvbC11c2Vycw==",
            "related_id": "UUhsdmRYZHZiQzltZGkxaWRYUjBiMjQ9"
        },
        {
            "item_id": "UUhsdmRYZHZiQzltZGkxamIyNTBaWGgwTFcxbGJuVT0=",
            "folder_id": "py-youwol-folder-packages",
            "name": "@youwol/fv-context-menu",
            "type": "package",
            "metadata": "{\"assetId\": \"UUhsdmRYZHZiQzltZGkxamIyNTBaWGgwTFcxbGJuVT0=\", \"relatedId\": \"QHlvdXdvbC9mdi1jb250ZXh0LW1lbnU=\", \"borrowed\": true}",
            "owner": "/youwol-users",
            "drive_id": "py-youwol-drive-youwol-users",
            "group_id": "L3lvdXdvbC11c2Vycw==",
            "related_id": "UUhsdmRYZHZiQzltZGkxamIyNTBaWGgwTFcxbGJuVT0="
        },
        {
            "item_id": "UUhsdmRYZHZiQzltZGkxbmNtOTFjQT09",
            "folder_id": "py-youwol-folder-packages",
            "name": "@youwol/fv-group",
            "type": "package",
            "metadata": "{\"assetId\": \"UUhsdmRYZHZiQzltZGkxbmNtOTFjQT09\", \"relatedId\": \"QHlvdXdvbC9mdi1ncm91cA==\", \"borrowed\": true}",
            "owner": "/youwol-users",
            "drive_id": "py-youwol-drive-youwol-users",
            "group_id": "L3lvdXdvbC11c2Vycw==",
            "related_id": "UUhsdmRYZHZiQzltZGkxbmNtOTFjQT09"
        },
        {
            "item_id": "UUhsdmRYZHZiQzltZGkxcGJuQjFkQT09",
            "folder_id": "py-youwol-folder-packages",
            "name": "@youwol/fv-input",
            "type": "package",
            "metadata": "{\"assetId\": \"UUhsdmRYZHZiQzltZGkxcGJuQjFkQT09\", \"relatedId\": \"QHlvdXdvbC9mdi1pbnB1dA==\", \"borrowed\": true}",
            "owner": "/youwol-users",
            "drive_id": "py-youwol-drive-youwol-users",
            "group_id": "L3lvdXdvbC11c2Vycw==",
            "related_id": "UUhsdmRYZHZiQzltZGkxcGJuQjFkQT09"
        },
        {
            "item_id": "UUhsdmRYZHZiQzltZGkxMFlXSno=",
            "folder_id": "py-youwol-folder-packages",
            "name": "@youwol/fv-tabs",
            "type": "package",
            "metadata": "{\"assetId\": \"UUhsdmRYZHZiQzltZGkxMFlXSno=\", \"relatedId\": \"QHlvdXdvbC9mdi10YWJz\", \"borrowed\": true}",
            "owner": "/youwol-users",
            "drive_id": "py-youwol-drive-youwol-users",
            "group_id": "L3lvdXdvbC11c2Vycw==",
            "related_id": "UUhsdmRYZHZiQzltZGkxMFlXSno="
        },
        {
            "item_id": "UUhsdmRYZHZiQzltZGkxMGNtVmw=",
            "folder_id": "py-youwol-folder-packages",
            "name": "@youwol/fv-tree",
            "type": "package",
            "metadata": "{\"assetId\": \"UUhsdmRYZHZiQzltZGkxMGNtVmw=\", \"relatedId\": \"QHlvdXdvbC9mdi10cmVl\", \"borrowed\": true}",
            "owner": "/youwol-users",
            "drive_id": "py-youwol-drive-youwol-users",
            "group_id": "L3lvdXdvbC11c2Vycw==",
            "related_id": "UUhsdmRYZHZiQzltZGkxMGNtVmw="
        },
        {
            "item_id": "UUhsdmRYZHZiQzltZGkxM2FXUm5aWFJ6",
            "folder_id": "py-youwol-folder-packages",
            "name": "@youwol/fv-widgets",
            "type": "package",
            "metadata": "{\"assetId\": \"UUhsdmRYZHZiQzltZGkxM2FXUm5aWFJ6\", \"relatedId\": \"QHlvdXdvbC9mdi13aWRnZXRz\", \"borrowed\": true}",
            "owner": "/youwol-users",
            "drive_id": "py-youwol-drive-youwol-users",
            "group_id": "L3lvdXdvbC11c2Vycw==",
            "related_id": "UUhsdmRYZHZiQzltZGkxM2FXUm5aWFJ6"
        },
        {
            "item_id": "UUhsdmRYZHZiQzltYkhWNExXWnBiR1Z6",
            "folder_id": "py-youwol-folder-modules-box",
            "name": "@youwol/flux-files",
            "type": "package",
            "metadata": "{\"assetId\": \"UUhsdmRYZHZiQzltYkhWNExXWnBiR1Z6\", \"relatedId\": \"QHlvdXdvbC9mbHV4LWZpbGVz\", \"borrowed\": true}",
            "owner": "/youwol-users",
            "drive_id": "py-youwol-drive-youwol-users",
            "group_id": "L3lvdXdvbC11c2Vycw==",
            "related_id": "UUhsdmRYZHZiQzltYkhWNExXWnBiR1Z6"
        },
        {
            "item_id": "UUhsdmRYZHZiQzltYkhWNExXTnZaR1V0YldseWNtOXk=",
            "folder_id": "py-youwol-folder-modules-box",
            "name": "@youwol/flux-code-mirror",
            "type": "package",
            "metadata": "{\"assetId\": \"UUhsdmRYZHZiQzltYkhWNExXTnZaR1V0YldseWNtOXk=\", \"relatedId\": \"QHlvdXdvbC9mbHV4LWNvZGUtbWlycm9y\", \"borrowed\": true}",
            "owner": "/youwol-users",
            "drive_id": "py-youwol-drive-youwol-users",
            "group_id": "L3lvdXdvbC11c2Vycw==",
            "related_id": "UUhsdmRYZHZiQzltYkhWNExXTnZaR1V0YldseWNtOXk="
        },
        {
            "item_id": "UUhsdmRYZHZiQzltYkhWNExYbHZkWGR2YkMxbGMzTmxiblJwWVd4eg==",
            "folder_id": "py-youwol-folder-modules-box",
            "name": "@youwol/flux-youwol-essentials",
            "type": "package",
            "metadata": "{\"assetId\": \"UUhsdmRYZHZiQzltYkhWNExYbHZkWGR2YkMxbGMzTmxiblJwWVd4eg==\", \"relatedId\": \"QHlvdXdvbC9mbHV4LXlvdXdvbC1lc3NlbnRpYWxz\", \"borrowed\": true}",
            "owner": "/youwol-users",
            "drive_id": "py-youwol-drive-youwol-users",
            "group_id": "L3lvdXdvbC11c2Vycw==",
            "related_id": "UUhsdmRYZHZiQzltYkhWNExYbHZkWGR2YkMxbGMzTmxiblJwWVd4eg=="
        }
    ]
}