{
    "documents": [
        {
            "asset_id": "WW05dmRITjBjbUZ3",
            "related_id": "Ym9vdHN0cmFw",
            "consumer_group_id": "*",
            "read": "authorized",
            "share": "authorized",
            "parameters": "{}",
            "timestamp": 1621430541,
            "owner": "/youwol-users"
        },
        {
            "asset_id": "WkRNPQ==",
            "related_id": "ZDM=",
            "consumer_group_id": "*",
            "read": "authorized",
            "share": "authorized",
            "parameters": "{}",
            "timestamp": 1621430541,
            "owner": "/youwol-users"
        },
        {
            "asset_id": "Wm05dWRHRjNaWE52YldVPQ==",
            "related_id": "Zm9udGF3ZXNvbWU=",
            "consumer_group_id": "*",
            "read": "authorized",
            "share": "authorized",
            "parameters": "{}",
            "timestamp": 1621430541,
            "owner": "/youwol-users"
        },
        {
            "asset_id": "WjNKaGNHVno=",
            "related_id": "Z3JhcGVz",
            "consumer_group_id": "*",
            "read": "authorized",
            "share": "authorized",
            "parameters": "{}",
            "timestamp": 1621430541,
            "owner": "/youwol-users"
        },
        {
            "asset_id": "YW5GMVpYSjU=",
            "related_id": "anF1ZXJ5",
            "consumer_group_id": "*",
            "read": "authorized",
            "share": "authorized",
            "parameters": "{}",
            "timestamp": 1621430541,
            "owner": "/youwol-users"
        },
        {
            "asset_id": "Ykc5a1lYTm8=",
            "related_id": "bG9kYXNo",
            "consumer_group_id": "*",
            "read": "authorized",
            "share": "authorized",
            "parameters": "{}",
            "timestamp": 1621430541,
            "owner": "/youwol-users"
        },
        {
            "asset_id": "Y0c5d2NHVnlMbXB6",
            "related_id": "cG9wcGVyLmpz",
            "consumer_group_id": "*",
            "read": "authorized",
            "share": "authorized",
            "parameters": "{}",
            "timestamp": 1621430541,
            "owner": "/youwol-users"
        },
        {
            "asset_id": "Y21WbWJHVmpkQzF0WlhSaFpHRjBZUT09",
            "related_id": "cmVmbGVjdC1tZXRhZGF0YQ==",
            "consumer_group_id": "*",
            "read": "authorized",
            "share": "authorized",
            "parameters": "{}",
            "timestamp": 1621430541,
            "owner": "/youwol-users"
        },
        {
            "asset_id": "Y25ocWN3PT0=",
            "related_id": "cnhqcw==",
            "consumer_group_id": "*",
            "read": "authorized",
            "share": "authorized",
            "parameters": "{}",
            "timestamp": 1621430541,
            "owner": "/youwol-users"
        },
        {
            "asset_id": "ZEhOc2FXST0=",
            "related_id": "dHNsaWI=",
            "consumer_group_id": "*",
            "read": "authorized",
            "share": "authorized",
            "parameters": "{}",
            "timestamp": 1621430541,
            "owner": "/youwol-users"
        },
        {
            "asset_id": "WTI5a1pXMXBjbkp2Y2c9PQ==",
            "related_id": "Y29kZW1pcnJvcg==",
            "consumer_group_id": "*",
            "read": "authorized",
            "share": "authorized",
            "parameters": "{}",
            "timestamp": 1621430541,
            "owner": "/youwol-users"
        },
        {
            "asset_id": "UUhsdmRYZHZiQzlqWkc0dFkyeHBaVzUw",
            "related_id": "QHlvdXdvbC9jZG4tY2xpZW50",
            "consumer_group_id": "*",
            "read": "authorized",
            "share": "authorized",
            "parameters": "{}",
            "timestamp": 1621430541,
            "owner": "/youwol-users"
        },
        {
            "asset_id": "UUhsdmRYZHZiQzltYkhWNExYTjJaeTF3Ykc5MGN3PT0=",
            "related_id": "QHlvdXdvbC9mbHV4LXN2Zy1wbG90cw==",
            "consumer_group_id": "*",
            "read": "authorized",
            "share": "authorized",
            "parameters": "{}",
            "timestamp": 1621430541,
            "owner": "/youwol-users"
        },
        {
            "asset_id": "UUhsdmRYZHZiQzltYkhWNExXTnZjbVU9",
            "related_id": "QHlvdXdvbC9mbHV4LWNvcmU=",
            "consumer_group_id": "*",
            "read": "authorized",
            "share": "authorized",
            "parameters": "{}",
            "timestamp": 1621430541,
            "owner": "/youwol-users"
        },
        {
            "asset_id": "UUhsdmRYZHZiQzltYkhWNExYWnBaWGM9",
            "related_id": "QHlvdXdvbC9mbHV4LXZpZXc=",
            "consumer_group_id": "*",
            "read": "authorized",
            "share": "authorized",
            "parameters": "{}",
            "timestamp": 1621430541,
            "owner": "/youwol-users"
        },
        {
            "asset_id": "UUhsdmRYZHZiQzltZGkxaWRYUjBiMjQ9",
            "related_id": "QHlvdXdvbC9mdi1idXR0b24=",
            "consumer_group_id": "*",
            "read": "authorized",
            "share": "authorized",
            "parameters": "{}",
            "timestamp": 1621430541,
            "owner": "/youwol-users"
        },
        {
            "asset_id": "UUhsdmRYZHZiQzltZGkxamIyNTBaWGgwTFcxbGJuVT0=",
            "related_id": "QHlvdXdvbC9mdi1jb250ZXh0LW1lbnU=",
            "consumer_group_id": "*",
            "read": "authorized",
            "share": "authorized",
            "parameters": "{}",
            "timestamp": 1621430541,
            "owner": "/youwol-users"
        },
        {
            "asset_id": "UUhsdmRYZHZiQzltZGkxbmNtOTFjQT09",
            "related_id": "QHlvdXdvbC9mdi1ncm91cA==",
            "consumer_group_id": "*",
            "read": "authorized",
            "share": "authorized",
            "parameters": "{}",
            "timestamp": 1621430541,
            "owner": "/youwol-users"
        },
        {
            "asset_id": "UUhsdmRYZHZiQzltZGkxcGJuQjFkQT09",
            "related_id": "QHlvdXdvbC9mdi1pbnB1dA==",
            "consumer_group_id": "*",
            "read": "authorized",
            "share": "authorized",
            "parameters": "{}",
            "timestamp": 1621430541,
            "owner": "/youwol-users"
        },
        {
            "asset_id": "UUhsdmRYZHZiQzltZGkxMFlXSno=",
            "related_id": "QHlvdXdvbC9mdi10YWJz",
            "consumer_group_id": "*",
            "read": "authorized",
            "share": "authorized",
            "parameters": "{}",
            "timestamp": 1621430541,
            "owner": "/youwol-users"
        },
        {
            "asset_id": "UUhsdmRYZHZiQzltZGkxMGNtVmw=",
            "related_id": "QHlvdXdvbC9mdi10cmVl",
            "consumer_group_id": "*",
            "read": "authorized",
            "share": "authorized",
            "parameters": "{}",
            "timestamp": 1621430541,
            "owner": "/youwol-users"
        },
        {
            "asset_id": "UUhsdmRYZHZiQzltZGkxM2FXUm5aWFJ6",
            "related_id": "QHlvdXdvbC9mdi13aWRnZXRz",
            "consumer_group_id": "*",
            "read": "authorized",
            "share": "authorized",
            "parameters": "{}",
            "timestamp": 1621430541,
            "owner": "/youwol-users"
        },
        {
            "asset_id": "UUhsdmRYZHZiQzltYkhWNExXWnBiR1Z6",
            "related_id": "QHlvdXdvbC9mbHV4LWZpbGVz",
            "consumer_group_id": "*",
            "read": "authorized",
            "share": "authorized",
            "parameters": "{}",
            "timestamp": 1621430541,
            "owner": "/youwol-users"
        },
        {
            "asset_id": "UUhsdmRYZHZiQzltYkhWNExXTnZaR1V0YldseWNtOXk=",
            "related_id": "QHlvdXdvbC9mbHV4LWNvZGUtbWlycm9y",
            "consumer_group_id": "*",
            "read": "authorized",
            "share": "authorized",
            "parameters": "{}",
            "timestamp": 1621430541,
            "owner": "/youwol-users"
        },
        {
            "asset_id": "UUhsdmRYZHZiQzltYkhWNExYbHZkWGR2YkMxbGMzTmxiblJwWVd4eg==",
            "related_id": "QHlvdXdvbC9mbHV4LXlvdXdvbC1lc3NlbnRpYWxz",
            "consumer_group_id": "*",
            "read": "authorized",
            "share": "authorized",
            "parameters": "{}",
            "timestamp": 1621430541,
            "owner": "/youwol-users"
        }
    ]
}