{
    "documents": [
        {
            "asset_id": "WW05dmRITjBjbUZ3",
            "related_id": "Ym9vdHN0cmFw",
            "group_id": "L3lvdXdvbC11c2Vycy95b3V3b2wtZGV2cy95b3V3b2wtYWRtaW5z",
            "name": "bootstrap",
            "description": "",
            "kind": "package",
            "tags": [],
            "images": [],
            "thumbnails": [],
            "owner": "/youwol-users"
        },
        {
            "asset_id": "WkRNPQ==",
            "related_id": "ZDM=",
            "group_id": "L3lvdXdvbC11c2Vycy95b3V3b2wtZGV2cy95b3V3b2wtYWRtaW5z",
            "name": "d3",
            "description": "",
            "kind": "package",
            "tags": [],
            "images": [],
            "thumbnails": [],
            "owner": "/youwol-users"
        },
        {
            "asset_id": "Wm05dWRHRjNaWE52YldVPQ==",
            "related_id": "Zm9udGF3ZXNvbWU=",
            "group_id": "L3lvdXdvbC11c2Vycy95b3V3b2wtZGV2cy95b3V3b2wtYWRtaW5z",
            "name": "fontawesome",
            "description": "",
            "kind": "package",
            "tags": [],
            "images": [],
            "thumbnails": [],
            "owner": "/youwol-users"
        },
        {
            "asset_id": "WjNKaGNHVno=",
            "related_id": "Z3JhcGVz",
            "group_id": "L3lvdXdvbC11c2Vycy95b3V3b2wtZGV2cy95b3V3b2wtYWRtaW5z",
            "name": "grapes",
            "description": "",
            "kind": "package",
            "tags": [],
            "images": [],
            "thumbnails": [],
            "owner": "/youwol-users"
        },
        {
            "asset_id": "YW5GMVpYSjU=",
            "related_id": "anF1ZXJ5",
            "group_id": "L3lvdXdvbC11c2Vycy95b3V3b2wtZGV2cy95b3V3b2wtYWRtaW5z",
            "name": "jquery",
            "description": "",
            "kind": "package",
            "tags": [],
            "images": [],
            "thumbnails": [],
            "owner": "/youwol-users"
        },
        {
            "asset_id": "Ykc5a1lYTm8=",
            "related_id": "bG9kYXNo",
            "group_id": "L3lvdXdvbC11c2Vycy95b3V3b2wtZGV2cy95b3V3b2wtYWRtaW5z",
            "name": "lodash",
            "description": "",
            "kind": "package",
            "tags": [],
            "images": [],
            "thumbnails": [],
            "owner": "/youwol-users"
        },
        {
            "asset_id": "Y0c5d2NHVnlMbXB6",
            "related_id": "cG9wcGVyLmpz",
            "group_id": "L3lvdXdvbC11c2Vycy95b3V3b2wtZGV2cy95b3V3b2wtYWRtaW5z",
            "name": "popper.js",
            "description": "",
            "kind": "package",
            "tags": [],
            "images": [],
            "thumbnails": [],
            "owner": "/youwol-users"
        },
        {
            "asset_id": "Y21WbWJHVmpkQzF0WlhSaFpHRjBZUT09",
            "related_id": "cmVmbGVjdC1tZXRhZGF0YQ==",
            "group_id": "L3lvdXdvbC11c2Vycy95b3V3b2wtZGV2cy95b3V3b2wtYWRtaW5z",
            "name": "reflect-metadata",
            "description": "",
            "kind": "package",
            "tags": [],
            "images": [],
            "thumbnails": [],
            "owner": "/youwol-users"
        },
        {
            "asset_id": "Y25ocWN3PT0=",
            "related_id": "cnhqcw==",
            "group_id": "L3lvdXdvbC11c2Vycy95b3V3b2wtZGV2cy95b3V3b2wtYWRtaW5z",
            "name": "rxjs",
            "description": "",
            "kind": "package",
            "tags": [],
            "images": [],
            "thumbnails": [],
            "owner": "/youwol-users"
        },
        {
            "asset_id": "ZEhOc2FXST0=",
            "related_id": "dHNsaWI=",
            "group_id": "L3lvdXdvbC11c2Vycy95b3V3b2wtZGV2cy95b3V3b2wtYWRtaW5z",
            "name": "tslib",
            "description": "",
            "kind": "package",
            "tags": [],
            "images": [],
            "thumbnails": [],
            "owner": "/youwol-users"
        },
        {
            "asset_id": "WTI5a1pXMXBjbkp2Y2c9PQ==",
            "related_id": "Y29kZW1pcnJvcg==",
            "group_id": "L3lvdXdvbC11c2Vycy95b3V3b2wtZGV2cy95b3V3b2wtYWRtaW5z",
            "name": "codemirror",
            "description": "",
            "kind": "package",
            "tags": [],
            "images": [],
            "thumbnails": [],
            "owner": "/youwol-users"
        },
        {
            "asset_id": "UUhsdmRYZHZiQzlqWkc0dFkyeHBaVzUw",
            "related_id": "QHlvdXdvbC9jZG4tY2xpZW50",
            "group_id": "L3lvdXdvbC11c2Vycy95b3V3b2wtZGV2cy95b3V3b2wtYWRtaW5z",
            "name": "@youwol/cdn-client",
            "description": "",
            "kind": "package",
            "tags": [],
            "images": [],
            "thumbnails": [],
            "owner": "/youwol-users"
        },
        {
            "asset_id": "UUhsdmRYZHZiQzltYkhWNExYTjJaeTF3Ykc5MGN3PT0=",
            "related_id": "QHlvdXdvbC9mbHV4LXN2Zy1wbG90cw==",
            "group_id": "L3lvdXdvbC11c2Vycy95b3V3b2wtZGV2cy95b3V3b2wtYWRtaW5z",
            "name": "@youwol/flux-svg-plots",
            "description": "",
            "kind": "package",
            "tags": [],
            "images": [],
            "thumbnails": [],
            "owner": "/youwol-users"
        },
        {
            "asset_id": "UUhsdmRYZHZiQzltYkhWNExXTnZjbVU9",
            "related_id": "QHlvdXdvbC9mbHV4LWNvcmU=",
            "group_id": "L3lvdXdvbC11c2Vycy95b3V3b2wtZGV2cy95b3V3b2wtYWRtaW5z",
            "name": "@youwol/flux-core",
            "description": "",
            "kind": "package",
            "tags": [],
            "images": [],
            "thumbnails": [],
            "owner": "/youwol-users"
        },
        {
            "asset_id": "UUhsdmRYZHZiQzltYkhWNExYWnBaWGM9",
            "related_id": "QHlvdXdvbC9mbHV4LXZpZXc=",
            "group_id": "L3lvdXdvbC11c2Vycy95b3V3b2wtZGV2cy95b3V3b2wtYWRtaW5z",
            "name": "@youwol/flux-view",
            "description": "",
            "kind": "package",
            "tags": [],
            "images": [],
            "thumbnails": [],
            "owner": "/youwol-users"
        },
        {
            "asset_id": "UUhsdmRYZHZiQzltZGkxaWRYUjBiMjQ9",
            "related_id": "QHlvdXdvbC9mdi1idXR0b24=",
            "group_id": "L3lvdXdvbC11c2Vycy95b3V3b2wtZGV2cy95b3V3b2wtYWRtaW5z",
            "name": "@youwol/fv-button",
            "description": "",
            "kind": "package",
            "tags": [],
            "images": [],
            "thumbnails": [],
            "owner": "/youwol-users"
        },
        {
            "asset_id": "UUhsdmRYZHZiQzltZGkxamIyNTBaWGgwTFcxbGJuVT0=",
            "related_id": "QHlvdXdvbC9mdi1jb250ZXh0LW1lbnU=",
            "group_id": "L3lvdXdvbC11c2Vycy95b3V3b2wtZGV2cy95b3V3b2wtYWRtaW5z",
            "name": "@youwol/fv-context-menu",
            "description": "",
            "kind": "package",
            "tags": [],
            "images": [],
            "thumbnails": [],
            "owner": "/youwol-users"
        },
        {
            "asset_id": "UUhsdmRYZHZiQzltZGkxbmNtOTFjQT09",
            "related_id": "QHlvdXdvbC9mdi1ncm91cA==",
            "group_id": "L3lvdXdvbC11c2Vycy95b3V3b2wtZGV2cy95b3V3b2wtYWRtaW5z",
            "name": "@youwol/fv-group",
            "description": "",
            "kind": "package",
            "tags": [],
            "images": [],
            "thumbnails": [],
            "owner": "/youwol-users"
        },
        {
            "asset_id": "UUhsdmRYZHZiQzltZGkxcGJuQjFkQT09",
            "related_id": "QHlvdXdvbC9mdi1pbnB1dA==",
            "group_id": "L3lvdXdvbC11c2Vycy95b3V3b2wtZGV2cy95b3V3b2wtYWRtaW5z",
            "name": "@youwol/fv-input",
            "description": "",
            "kind": "package",
            "tags": [],
            "images": [],
            "thumbnails": [],
            "owner": "/youwol-users"
        },
        {
            "asset_id": "UUhsdmRYZHZiQzltZGkxMFlXSno=",
            "related_id": "QHlvdXdvbC9mdi10YWJz",
            "group_id": "L3lvdXdvbC11c2Vycy95b3V3b2wtZGV2cy95b3V3b2wtYWRtaW5z",
            "name": "@youwol/fv-tabs",
            "description": "",
            "kind": "package",
            "tags": [],
            "images": [],
            "thumbnails": [],
            "owner": "/youwol-users"
        },
        {
            "asset_id": "UUhsdmRYZHZiQzltZGkxMGNtVmw=",
            "related_id": "QHlvdXdvbC9mdi10cmVl",
            "group_id": "L3lvdXdvbC11c2Vycy95b3V3b2wtZGV2cy95b3V3b2wtYWRtaW5z",
            "name": "@youwol/fv-tree",
            "description": "",
            "kind": "package",
            "tags": [],
            "images": [],
            "thumbnails": [],
            "owner": "/youwol-users"
        },
        {
            "asset_id": "UUhsdmRYZHZiQzltZGkxM2FXUm5aWFJ6",
            "related_id": "QHlvdXdvbC9mdi13aWRnZXRz",
            "group_id": "L3lvdXdvbC11c2Vycy95b3V3b2wtZGV2cy95b3V3b2wtYWRtaW5z",
            "name": "@youwol/fv-widgets",
            "description": "",
            "kind": "package",
            "tags": [],
            "images": [],
            "thumbnails": [],
            "owner": "/youwol-users"
        },
        {
            "asset_id": "UUhsdmRYZHZiQzltYkhWNExXWnBiR1Z6",
            "related_id": "QHlvdXdvbC9mbHV4LWZpbGVz",
            "group_id": "L3lvdXdvbC11c2Vycy95b3V3b2wtZGV2cy95b3V3b2wtYWRtaW5z",
            "name": "@youwol/flux-files",
            "description": "Flux files modules box brings",
            "kind": "package",
            "tags": [],
            "images": [],
            "thumbnails": [],
            "owner": "/youwol-users"
        },
        {
            "asset_id": "UUhsdmRYZHZiQzltYkhWNExXTnZaR1V0YldseWNtOXk=",
            "related_id": "QHlvdXdvbC9mbHV4LWNvZGUtbWlycm9y",
            "group_id": "L3lvdXdvbC11c2Vycy95b3V3b2wtZGV2cy95b3V3b2wtYWRtaW5z",
            "name": "@youwol/flux-code-mirror",
            "description": "",
            "kind": "package",
            "tags": [],
            "images": [],
            "thumbnails": [],
            "owner": "/youwol-users"
        },
        {
            "asset_id": "UUhsdmRYZHZiQzltYkhWNExYbHZkWGR2YkMxbGMzTmxiblJwWVd4eg==",
            "related_id": "QHlvdXdvbC9mbHV4LXlvdXdvbC1lc3NlbnRpYWxz",
            "group_id": "L3lvdXdvbC11c2Vycy95b3V3b2wtZGV2cy95b3V3b2wtYWRtaW5z",
            "name": "@youwol/flux-youwol-essentials",
            "description": "",
            "kind": "package",
            "tags": [],
            "images": [],
            "thumbnails": [],
            "owner": "/youwol-users"
        }
    ]
}