{
    "documents": [
        {
            "folder_id": "py-youwol-folder-packages",
            "name": "packages",
            "parent_folder_id": "py-youwol-drive-youwol-users",
            "type": "",
            "metadata": "",
            "drive_id": "py-youwol-drive-youwol-users",
            "group_id": "L3lvdXdvbC11c2Vycw==",
            "owner": "/youwol-users"
        },
        {
            "folder_id": "py-youwol-folder-modules-box",
            "name": "modules-box",
            "parent_folder_id": "py-youwol-drive-youwol-users",
            "type": "",
            "metadata": "",
            "drive_id": "py-youwol-drive-youwol-users",
            "group_id": "L3lvdXdvbC11c2Vycw==",
            "owner": "/youwol-users"
        }
    ]
}