{
    "documents": [
        {
            "library_id": "codemirror#5.52.0",
            "library_name": "codemirror",
            "namespace": "",
            "version": "5.52.0",
            "description": "",
            "tags": [],
            "type": "library",
            "dependencies": [],
            "bundle_min": "",
            "bundle": "codemirror.min.js",
            "version_number": "0050520000",
            "path": "libraries/codemirror/5.52.0",
            "fingerprint": "ba146cfb1e2deb2e866b3dae2d5ed097",
            "owner": "/youwol-users"
        },
        {
            "library_id": "rxjs#6.5.5",
            "library_name": "rxjs",
            "namespace": "",
            "version": "6.5.5",
            "description": "",
            "tags": [],
            "type": "core_library",
            "dependencies": [],
            "bundle_min": "",
            "bundle": "rxjs.umd.min.js",
            "version_number": "0060050050",
            "path": "libraries/rxjs/6.5.5",
            "fingerprint": "07ac49cedfb813192ac6ea4fe30dbe39",
            "owner": "/youwol-users"
        },
        {
            "library_id": "grapes#0.16.2",
            "library_name": "grapes",
            "namespace": "",
            "version": "0.16.2",
            "description": "",
            "tags": [],
            "type": "library",
            "dependencies": [],
            "bundle_min": "",
            "bundle": "grapes.min.js",
            "version_number": "0000160020",
            "path": "libraries/grapes/0.16.2",
            "fingerprint": "5ad7cb5db84ad400ffa41eceec618885",
            "owner": "/youwol-users"
        },
        {
            "library_id": "jquery#3.2.1",
            "library_name": "jquery",
            "namespace": "",
            "version": "3.2.1",
            "description": "",
            "tags": [],
            "type": "library",
            "dependencies": [],
            "bundle_min": "",
            "bundle": "jquery-3.2.1.slim.min.js",
            "version_number": "0030020010",
            "path": "libraries/jquery/3.2.1",
            "fingerprint": "be25a6626b4aeac4f44bb708f2c4bbee",
            "owner": "/youwol-users"
        },
        {
            "library_id": "lodash#4.17.15",
            "library_name": "lodash",
            "namespace": "",
            "version": "4.17.15",
            "description": "",
            "tags": [],
            "type": "core_library",
            "dependencies": [],
            "bundle_min": "",
            "bundle": "lodash.min.js",
            "version_number": "0040170150",
            "path": "libraries/lodash/4.17.15",
            "fingerprint": "e67feb94ea9a41fad90f25f67a1b93c7",
            "owner": "/youwol-users"
        },
        {
            "library_id": "tslib#1.10.0",
            "library_name": "tslib",
            "namespace": "",
            "version": "1.10.0",
            "description": "",
            "tags": [],
            "type": "core_library",
            "dependencies": [],
            "bundle_min": "",
            "bundle": "tslib.min.js",
            "version_number": "0010100000",
            "path": "libraries/tslib/1.10.0",
            "fingerprint": "98fd6c97abf76821263cbdee549a553a",
            "owner": "/youwol-users"
        },
        {
            "library_id": "reflect-metadata#0.1.13",
            "library_name": "reflect-metadata",
            "namespace": "",
            "version": "0.1.13",
            "description": "",
            "tags": [],
            "type": "core_library",
            "dependencies": [],
            "bundle_min": "",
            "bundle": "reflect-metadata.min.js",
            "version_number": "0000010130",
            "path": "libraries/reflect-metadata/0.1.13",
            "fingerprint": "b59c4c9571f14883914af25e3f01e9d4",
            "owner": "/youwol-users"
        },
        {
            "library_id": "bootstrap#4.4.1",
            "library_name": "bootstrap",
            "namespace": "",
            "version": "4.4.1",
            "description": "",
            "tags": [],
            "type": "core_library",
            "dependencies": [
                "jquery#3.x",
                "popper.js#1.x"
            ],
            "bundle_min": "",
            "bundle": "bootstrap.min.js",
            "version_number": "0040040010",
            "path": "libraries/bootstrap/4.4.1",
            "fingerprint": "7e4f1d4077af7a2f70d1daad76c2d5b1",
            "owner": "/youwol-users"
        },
        {
            "library_id": "popper.js#1.12.9",
            "library_name": "popper.js",
            "namespace": "",
            "version": "1.12.9",
            "description": "",
            "tags": [],
            "type": "library",
            "dependencies": [],
            "bundle_min": "",
            "bundle": "popper.min.js",
            "version_number": "0010120090",
            "path": "libraries/popper.js/1.12.9",
            "fingerprint": "b365ecbc8bd2e510ba44f738e0d30945",
            "owner": "/youwol-users"
        },
        {
            "library_id": "d3#5.15.0",
            "library_name": "d3",
            "namespace": "",
            "version": "5.15.0",
            "description": "",
            "tags": [],
            "type": "library",
            "dependencies": [],
            "bundle_min": "",
            "bundle": "d3.min.js",
            "version_number": "0050150000",
            "path": "libraries/d3/5.15.0",
            "fingerprint": "e3faabe3ad752ca7afe7f67692df1134",
            "owner": "/youwol-users"
        },
        {
            "library_id": "@youwol/fv-widgets#0.0.3",
            "library_name": "@youwol/fv-widgets",
            "namespace": "youwol",
            "version": "0.0.3",
            "description": "Flux-view based widgets collection",
            "tags": [
                "html",
                "reactive-programming",
                "rxjs",
                "view",
                "widgets"
            ],
            "type": "library",
            "dependencies": [],
            "bundle_min": "",
            "bundle": "dist/@youwol/fv-widgets.js",
            "version_number": "0000000030",
            "path": "libraries/youwol/fv-widgets/0.0.3",
            "fingerprint": "56cc2ec674ece6d4e172cf626d7716f5",
            "owner": "/youwol-users"
        },
        {
            "library_id": "@youwol/fv-group#0.0.3",
            "library_name": "@youwol/fv-group",
            "namespace": "youwol",
            "version": "0.0.3",
            "description": "Grouping widgets using flux-view",
            "tags": [
                "html",
                "reactive-programming",
                "rxjs",
                "view",
                "group"
            ],
            "type": "library",
            "dependencies": [
                "@youwol/flux-view#0.x",
                "rxjs#6.x"
            ],
            "bundle_min": "",
            "bundle": "dist/@youwol/fv-group.js",
            "version_number": "0000000030",
            "path": "libraries/youwol/fv-group/0.0.3",
            "fingerprint": "6a3f9b3209e10d0e755daf32ed5b9d87",
            "owner": "/youwol-users"
        },
        {
            "library_id": "@youwol/fv-button#0.0.3",
            "library_name": "@youwol/fv-button",
            "namespace": "youwol",
            "version": "0.0.3",
            "description": "Button widget using flux-view",
            "tags": [
                "html",
                "reactive-programming",
                "rxjs",
                "view",
                "button"
            ],
            "type": "library",
            "dependencies": [
                "@youwol/flux-view#0.x",
                "rxjs#6.x"
            ],
            "bundle_min": "",
            "bundle": "dist/@youwol/fv-button.js",
            "version_number": "0000000030",
            "path": "libraries/youwol/fv-button/0.0.3",
            "fingerprint": "d68d9af1baae5e9ebb992848f35181ef",
            "owner": "/youwol-users"
        },
        {
            "library_id": "@youwol/fv-tabs#0.0.2",
            "library_name": "@youwol/fv-tabs",
            "namespace": "youwol",
            "version": "0.0.2",
            "description": "Tabs widgets using flux-view",
            "tags": [
                "html",
                "reactive-programming",
                "rxjs",
                "view",
                "tabs"
            ],
            "type": "library",
            "dependencies": [
                "@youwol/flux-view#0.x",
                "rxjs#6.x"
            ],
            "bundle_min": "",
            "bundle": "dist/@youwol/fv-tabs.js",
            "version_number": "0000000020",
            "path": "libraries/youwol/fv-tabs/0.0.2",
            "fingerprint": "f31dbf1f141a7becb709cd5c94a62fed",
            "owner": "/youwol-users"
        },
        {
            "library_id": "@youwol/fv-tree#0.0.3",
            "library_name": "@youwol/fv-tree",
            "namespace": "youwol",
            "version": "0.0.3",
            "description": "Tree views using flux-view",
            "tags": [
                "html",
                "reactive-programming",
                "rxjs",
                "view",
                "tree"
            ],
            "type": "library",
            "dependencies": [
                "@youwol/flux-view#0.x",
                "rxjs#6.x"
            ],
            "bundle_min": "",
            "bundle": "dist/@youwol/fv-tree.js",
            "version_number": "0000000030",
            "path": "libraries/youwol/fv-tree/0.0.3",
            "fingerprint": "7938210d403683e3b34a17d171e2424a",
            "owner": "/youwol-users"
        },
        {
            "library_id": "fontawesome#5.12.1",
            "library_name": "fontawesome",
            "namespace": "",
            "version": "5.12.1",
            "description": "",
            "tags": [],
            "type": "library",
            "dependencies": [],
            "bundle_min": "",
            "bundle": "package.json",
            "version_number": "0050120010",
            "path": "libraries/fontawesome/5.12.1",
            "fingerprint": "987b335a386c92944bc64d016bab7c9a",
            "owner": "/youwol-users"
        },
        {
            "library_id": "@youwol/fv-context-menu#0.0.0",
            "library_name": "@youwol/fv-context-menu",
            "namespace": "youwol",
            "version": "0.0.0",
            "description": "Context menu using flux-view",
            "tags": [
                "html",
                "reactive-programming",
                "rxjs",
                "view",
                "context menu"
            ],
            "type": "library",
            "dependencies": [
                "@youwol/flux-view#0.x",
                "rxjs#6.x"
            ],
            "bundle_min": "",
            "bundle": "dist/@youwol/fv-context-menu.js",
            "version_number": "0000000000",
            "path": "libraries/youwol/fv-context-menu/0.0.0",
            "fingerprint": "96149c2bb59c1f6dc918a1f01c7c05be",
            "owner": "/youwol-users"
        },
        {
            "library_id": "@youwol/flux-svg-plots#0.0.0",
            "library_name": "@youwol/flux-svg-plots",
            "namespace": "youwol",
            "version": "0.0.0",
            "description": "Plotting library above d3.js to facilitate drawing workflows",
            "tags": [
                "flux"
            ],
            "type": "library",
            "dependencies": [],
            "bundle_min": "",
            "bundle": "dist/@youwol/flux-svg-plots.js",
            "version_number": "0000000000",
            "path": "libraries/youwol/flux-svg-plots/0.0.0",
            "fingerprint": "bb35b560778eb1c87e7cf9c927200252",
            "owner": "/youwol-users"
        },
        {
            "library_id": "@youwol/cdn-client#0.0.4",
            "library_name": "@youwol/cdn-client",
            "namespace": "youwol",
            "version": "0.0.4",
            "description": "Library for dynamic dependencies fetching from YouWol's CDN",
            "tags": [],
            "type": "library",
            "dependencies": [],
            "bundle_min": "",
            "bundle": "dist/@youwol/cdn-client.js",
            "version_number": "0000000040",
            "path": "libraries/youwol/cdn-client/0.0.4",
            "fingerprint": "22346f8ee88c614807f78364d7d36a33",
            "owner": "/youwol-users"
        },
        {
            "library_id": "@youwol/flux-view#0.0.8",
            "library_name": "@youwol/flux-view",
            "namespace": "youwol",
            "version": "0.0.8",
            "description": "Tiny library to render HTML documents using reactive programing primitives",
            "tags": [
                "html",
                "reactive-programming",
                "rxjs",
                "view"
            ],
            "type": "library",
            "dependencies": [
                "rxjs#6.x"
            ],
            "bundle_min": "",
            "bundle": "dist/@youwol/flux-view.js",
            "version_number": "0000000080",
            "path": "libraries/youwol/flux-view/0.0.8",
            "fingerprint": "3d10d8a6fd866d3b6ca5b78d260b3a1d",
            "owner": "/youwol-users"
        },
        {
            "library_id": "@youwol/fv-input#0.0.4",
            "library_name": "@youwol/fv-input",
            "namespace": "youwol",
            "version": "0.0.4",
            "description": "Input widgets using flux-view",
            "tags": [
                "html",
                "reactive-programming",
                "rxjs",
                "view",
                "input"
            ],
            "type": "library",
            "dependencies": [
                "@youwol/flux-view#0.x",
                "rxjs#6.x"
            ],
            "bundle_min": "",
            "bundle": "dist/@youwol/fv-input.js",
            "version_number": "0000000040",
            "path": "libraries/youwol/fv-input/0.0.4",
            "fingerprint": "730a78f0b9084f0aa4af392ee8430cb2",
            "owner": "/youwol-users"
        },
        {
            "library_id": "@youwol/flux-core#0.0.10",
            "library_name": "@youwol/flux-core",
            "namespace": "youwol",
            "version": "0.0.10",
            "description": "Core library to create flux applications",
            "tags": [
                "youwol",
                "flux"
            ],
            "type": "library",
            "dependencies": [
                "reflect-metadata#0.x",
                "rxjs#6.x",
                "@youwol/cdn-client#0.x",
                "lodash#4.x"
            ],
            "bundle_min": "",
            "bundle": "dist/@youwol/flux-core.js",
            "version_number": "0000000100",
            "path": "libraries/youwol/flux-core/0.0.10",
            "fingerprint": "c4357780a35d35040791cd8d4a4e205c",
            "owner": "/youwol-users"
        },
        {
            "library_id": "@youwol/flux-files#0.0.4",
            "library_name": "@youwol/flux-files",
            "namespace": "youwol",
            "version": "0.0.4",
            "description": "Collection of modules to work with files in Flux",
            "tags": [
                "youwol",
                "flux",
                "files"
            ],
            "type": "flux-pack",
            "dependencies": [
                "@youwol/cdn-client#0.x",
                "@youwol/flux-core#0.x",
                "@youwol/flux-view#0.x",
                "@youwol/fv-button#0.x",
                "@youwol/fv-group#0.x",
                "@youwol/fv-tree#0.x",
                "lodash#4.x",
                "reflect-metadata#0.x",
                "rxjs#6.x"
            ],
            "bundle_min": "",
            "bundle": "dist/@youwol/flux-files.js",
            "version_number": "0000000040",
            "path": "libraries/youwol/flux-files/0.0.4",
            "fingerprint": "e728138afb4d5123ca275912a090e414",
            "owner": "/youwol-users"
        },
        {
            "library_id": "@youwol/flux-youwol-essentials#0.0.3",
            "library_name": "@youwol/flux-youwol-essentials",
            "namespace": "youwol",
            "version": "0.0.3",
            "description": "Essential modules to work with YouWol's assets",
            "tags": [
                "youwol",
                "flux"
            ],
            "type": "flux-pack",
            "dependencies": [
                "@youwol/flux-core#0.x",
                "@youwol/flux-files#0.x"
            ],
            "bundle_min": "",
            "bundle": "dist/@youwol/flux-youwol-essentials.js",
            "version_number": "0000000030",
            "path": "libraries/youwol/flux-youwol-essentials/0.0.3",
            "fingerprint": "fa4e89a6de5cabbe751253b6d4ec3b78",
            "owner": "/youwol-users"
        },
        {
            "library_id": "@youwol/flux-code-mirror#0.0.4",
            "library_name": "@youwol/flux-code-mirror",
            "namespace": "youwol",
            "version": "0.0.4",
            "description": "Code Mirror editor to use in Flux",
            "tags": [],
            "type": "flux-pack",
            "dependencies": [
                "@youwol/cdn-client#0.x",
                "@youwol/flux-core#0.x",
                "@youwol/flux-view#0.x",
                "codemirror#5.x",
                "lodash#4.x",
                "reflect-metadata#0.x",
                "rxjs#6.x"
            ],
            "bundle_min": "",
            "bundle": "dist/@youwol/flux-code-mirror.js",
            "version_number": "0000000040",
            "path": "libraries/youwol/flux-code-mirror/0.0.4",
            "fingerprint": "823c6f227e0c0e222f87b1d867dd5b07",
            "owner": "/youwol-users"
        }
    ]
}